Shipment_ID,Vendor,Planned_Delivery_Days,Actual_Delivery_Days,Delay_Days,Delayed,Contract_Delivery_Days,Delay_Notification_Hours,Penalty_For_Delay,Delivery_Compliance,Penalty_Applicable,Contract_Risk
SHP0001,Beta Suppliers,2,2,0,0,10,48,Yes,Compliant,No,Low Risk
SHP0002,Omega Supplies,3,5,2,1,10,24,No,Compliant,No,Low Risk
SHP0003,Prime Logistics,3,3,0,0,7,24,Yes,Compliant,No,Low Risk
SHP0004,Beta Suppliers,3,6,3,1,10,48,Yes,Compliant,Yes,Low Risk
SHP0005,Omega Supplies,5,5,0,0,10,24,No,Compliant,No,Low Risk
SHP0006,Epsilon Exports,4,4,0,0,9,24,Yes,Compliant,No,Low Risk
SHP0007,Delta Traders,6,7,1,1,12,72,Yes,Compliant,Yes,Low Risk
SHP0008,Zeta Manufacturing,2,3,1,1,11,48,Yes,Compliant,Yes,Low Risk
SHP0009,Delta Traders,1,3,2,1,12,72,Yes,Compliant,Yes,Low Risk
SHP0010,Omega Supplies,2,2,0,0,10,24,No,Compliant,No,Low Risk
SHP0011,Gamma Industries,5,7,2,1,8,24,No,Compliant,No,Low Risk
SHP0012,Zeta Manufacturing,1,5,4,1,11,48,Yes,Compliant,Yes,Low Risk
SHP0013,Beta Suppliers,3,5,2,1,10,48,Yes,Compliant,Yes,Low Risk
SHP0014,Alpha Logistics,2,3,1,1,7,24,Yes,Compliant,Yes,Low Risk
SHP0015,Prime Logistics,5,9,4,1,7,24,Yes,Violation,Yes,High Risk
SHP0016,Delta Traders,5,7,2,1,12,72,Yes,Compliant,Yes,Low Risk
SHP0017,Alpha Logistics,1,3,2,1,7,24,Yes,Compliant,Yes,Low Risk
SHP0018,Epsilon Exports,6,8,2,1,9,24,Yes,Compliant,Yes,Low Risk
SHP0019,Beta Suppliers,6,9,3,1,10,48,Yes,Compliant,Yes,Low Risk
SHP0020,Alpha Logistics,3,4,1,1,7,24,Yes,Compliant,Yes,Low Risk
SHP0021,Prime Logistics,5,5,0,0,7,24,Yes,Compliant,No,Low Risk
SHP0022,Gamma Industries,3,9,6,1,8,24,No,Violation,No,Medium Risk
SHP0023,Prime Logistics,2,4,2,1,7,24,Yes,Compliant,Yes,Low Risk
SHP0024,Zeta Manufacturing,1,1,0,0,11,48,Yes,Compliant,No,Low Risk
SHP0025,Delta Traders,6,8,2,1,12,72,Yes,Compliant,Yes,Low Risk
SHP0026,Zeta Manufacturing,1,2,1,1,11,48,Yes,Compliant,Yes,Low Risk
SHP0027,Beta Suppliers,1,5,4,1,10,48,Yes,Compliant,Yes,Low Risk
SHP0028,Gamma Industries,4,4,0,0,8,24,No,Compliant,No,Low Risk
SHP0029,Beta Suppliers,2,4,2,1,10,48,Yes,Compliant,Yes,Low Risk
SHP0030,Epsilon Exports,4,6,2,1,9,24,Yes,Compliant,Yes,Low Risk
SHP0031,Gamma Industries,1,3,2,1,8,24,No,Compliant,No,Low Risk
SHP0032,Zeta Manufacturing,1,2,1,1,11,48,Yes,Compliant,Yes,Low Risk
SHP0033,Delta Traders,5,7,2,1,12,72,Yes,Compliant,Yes,Low Risk
SHP0034,Gamma Industries,1,4,3,1,8,24,No,Compliant,No,Low Risk
SHP0035,Epsilon Exports,1,6,5,1,9,24,Yes,Compliant,Yes,Low Risk
SHP0036,Delta Traders,3,5,2,1,12,72,Yes,Compliant,Yes,Low Risk
SHP0037,Omega Supplies,3,5,2,1,10,24,No,Compliant,No,Low Risk
SHP0038,Zeta Manufacturing,6,10,4,1,11,48,Yes,Compliant,Yes,Low Risk
SHP0039,Zeta Manufacturing,2,3,1,1,11,48,Yes,Compliant,Yes,Low Risk
SHP0040,Omega Supplies,4,5,1,1,10,24,No,Compliant,No,Low Risk
SHP0041,Gamma Industries,3,4,1,1,8,24,No,Compliant,No,Low Risk
SHP0042,Prime Logistics,1,2,1,1,7,24,Yes,Compliant,Yes,Low Risk
SHP0043,Epsilon Exports,1,2,1,1,9,24,Yes,Compliant,Yes,Low Risk
SHP0044,Delta Traders,2,3,1,1,12,72,Yes,Compliant,Yes,Low Risk
SHP0045,Gamma Industries,1,4,3,1,8,24,No,Compliant,No,Low Risk
SHP0046,Prime Logistics,4,6,2,1,7,24,Yes,Compliant,Yes,Low Risk
SHP0047,Delta Traders,2,3,1,1,12,72,Yes,Compliant,Yes,Low Risk
SHP0048,Gamma Industries,1,5,4,1,8,24,No,Compliant,No,Low Risk
SHP0049,Omega Supplies,3,6,3,1,10,24,No,Compliant,No,Low Risk
SHP0050,Zeta Manufacturing,5,7,2,1,11,48,Yes,Compliant,Yes,Low Risk
SHP0051,Omega Supplies,3,5,2,1,10,24,No,Compliant,No,Low Risk
SHP0052,Omega Supplies,1,6,5,1,10,24,No,Compliant,No,Low Risk
SHP0053,Prime Logistics,6,6,0,0,7,24,Yes,Compliant,No,Low Risk
SHP0054,Zeta Manufacturing,1,3,2,1,11,48,Yes,Compliant,Yes,Low Risk
SHP0055,Prime Logistics,2,2,0,0,7,24,Yes,Compliant,No,Low Risk
SHP0056,Beta Suppliers,4,6,2,1,10,48,Yes,Compliant,Yes,Low Risk
SHP0057,Beta Suppliers,6,8,2,1,10,48,Yes,Compliant,Yes,Low Risk
SHP0058,Omega Supplies,4,6,2,1,10,24,No,Compliant,No,Low Risk
SHP0059,Prime Logistics,2,6,4,1,7,24,Yes,Compliant,Yes,Low Risk
SHP0060,Prime Logistics,6,9,3,1,7,24,Yes,Violation,Yes,High Risk
SHP0061,Epsilon Exports,1,1,0,0,9,24,Yes,Compliant,No,Low Risk
SHP0062,Prime Logistics,3,4,1,1,7,24,Yes,Compliant,Yes,Low Risk
SHP0063,Omega Supplies,4,4,0,0,10,24,No,Compliant,No,Low Risk
SHP0064,Beta Suppliers,4,5,1,1,10,48,Yes,Compliant,Yes,Low Risk
SHP0065,Delta Traders,2,3,1,1,12,72,Yes,Compliant,Yes,Low Risk
SHP0066,Alpha Logistics,1,7,6,1,7,24,Yes,Compliant,Yes,Low Risk
SHP0067,Alpha Logistics,1,2,1,1,7,24,Yes,Compliant,Yes,Low Risk
SHP0068,Gamma Industries,2,4,2,1,8,24,No,Compliant,No,Low Risk
SHP0069,Prime Logistics,2,2,0,0,7,24,Yes,Compliant,No,Low Risk
SHP0070,Epsilon Exports,2,5,3,1,9,24,Yes,Compliant,Yes,Low Risk
SHP0071,Epsilon Exports,2,4,2,1,9,24,Yes,Compliant,Yes,Low Risk
SHP0072,Omega Supplies,3,6,3,1,10,24,No,Compliant,No,Low Risk
SHP0073,Prime Logistics,4,8,4,1,7,24,Yes,Violation,Yes,High Risk
SHP0074,Omega Supplies,1,2,1,1,10,24,No,Compliant,No,Low Risk
SHP0075,Alpha Logistics,2,4,2,1,7,24,Yes,Compliant,Yes,Low Risk
SHP0076,Zeta Manufacturing,1,5,4,1,11,48,Yes,Compliant,Yes,Low Risk
SHP0077,Omega Supplies,2,2,0,0,10,24,No,Compliant,No,Low Risk
SHP0078,Prime Logistics,5,6,1,1,7,24,Yes,Compliant,Yes,Low Risk
SHP0079,Delta Traders,7,9,2,1,12,72,Yes,Compliant,Yes,Low Risk
SHP0080,Alpha Logistics,1,1,0,0,7,24,Yes,Compliant,No,Low Risk
SHP0081,Prime Logistics,5,7,2,1,7,24,Yes,Compliant,Yes,Low Risk
SHP0082,Beta Suppliers,4,4,0,0,10,48,Yes,Compliant,No,Low Risk
SHP0083,Prime Logistics,4,6,2,1,7,24,Yes,Compliant,Yes,Low Risk
SHP0084,Delta Traders,1,3,2,1,12,72,Yes,Compliant,Yes,Low Risk
SHP0085,Prime Logistics,1,5,4,1,7,24,Yes,Compliant,Yes,Low Risk
SHP0086,Gamma Industries,4,7,3,1,8,24,No,Compliant,No,Low Risk
SHP0087,Zeta Manufacturing,5,7,2,1,11,48,Yes,Compliant,Yes,Low Risk
SHP0088,Delta Traders,1,1,0,0,12,72,Yes,Compliant,No,Low Risk
SHP0089,Alpha Logistics,4,4,0,0,7,24,Yes,Compliant,No,Low Risk
SHP0090,Gamma Industries,5,9,4,1,8,24,No,Violation,No,Medium Risk
SHP0091,Epsilon Exports,6,6,0,0,9,24,Yes,Compliant,No,Low Risk
SHP0092,Omega Supplies,3,5,2,1,10,24,No,Compliant,No,Low Risk
SHP0093,Epsilon Exports,2,6,4,1,9,24,Yes,Compliant,Yes,Low Risk
SHP0094,Epsilon Exports,1,2,1,1,9,24,Yes,Compliant,Yes,Low Risk
SHP0095,Epsilon Exports,1,2,1,1,9,24,Yes,Compliant,Yes,Low Risk
SHP0096,Gamma Industries,7,9,2,1,8,24,No,Violation,No,Medium Risk
SHP0097,Epsilon Exports,1,7,6,1,9,24,Yes,Compliant,Yes,Low Risk
SHP0098,Zeta Manufacturing,2,5,3,1,11,48,Yes,Compliant,Yes,Low Risk
SHP0099,Beta Suppliers,5,7,2,1,10,48,Yes,Compliant,Yes,Low Risk
SHP0100,Epsilon Exports,1,2,1,1,9,24,Yes,Compliant,Yes,Low Risk
SHP0101,Delta Traders,3,6,3,1,12,72,Yes,Compliant,Yes,Low Risk
SHP0102,Prime Logistics,5,5,0,0,7,24,Yes,Compliant,No,Low Risk
SHP0103,Zeta Manufacturing,2,3,1,1,11,48,Yes,Compliant,Yes,Low Risk
SHP0104,Delta Traders,1,2,1,1,12,72,Yes,Compliant,Yes,Low Risk
SHP0105,Delta Traders,4,7,3,1,12,72,Yes,Compliant,Yes,Low Risk
SHP0106,Alpha Logistics,3,3,0,0,7,24,Yes,Compliant,No,Low Risk
SHP0107,Omega Supplies,4,7,3,1,10,24,No,Compliant,No,Low Risk
SHP0108,Epsilon Exports,7,13,6,1,9,24,Yes,Violation,Yes,High Risk
SHP0109,Beta Suppliers,1,3,2,1,10,48,Yes,Compliant,Yes,Low Risk
SHP0110,Epsilon Exports,1,4,3,1,9,24,Yes,Compliant,Yes,Low Risk
SHP0111,Omega Supplies,5,7,2,1,10,24,No,Compliant,No,Low Risk
SHP0112,Prime Logistics,3,6,3,1,7,24,Yes,Compliant,Yes,Low Risk
SHP0113,Omega Supplies,5,6,1,1,10,24,No,Compliant,No,Low Risk
SHP0114,Beta Suppliers,6,6,0,0,10,48,Yes,Compliant,No,Low Risk
SHP0115,Epsilon Exports,4,7,3,1,9,24,Yes,Compliant,Yes,Low Risk
SHP0116,Beta Suppliers,6,6,0,0,10,48,Yes,Compliant,No,Low Risk
SHP0117,Epsilon Exports,1,2,1,1,9,24,Yes,Compliant,Yes,Low Risk
SHP0118,Omega Supplies,2,2,0,0,10,24,No,Compliant,No,Low Risk
SHP0119,Prime Logistics,5,6,1,1,7,24,Yes,Compliant,Yes,Low Risk
SHP0120,Gamma Industries,1,1,0,0,8,24,No,Compliant,No,Low Risk
SHP0121,Zeta Manufacturing,3,7,4,1,11,48,Yes,Compliant,Yes,Low Risk
SHP0122,Omega Supplies,3,5,2,1,10,24,No,Compliant,No,Low Risk
SHP0123,Zeta Manufacturing,3,3,0,0,11,48,Yes,Compliant,No,Low Risk
SHP0124,Zeta Manufacturing,1,2,1,1,11,48,Yes,Compliant,Yes,Low Risk
SHP0125,Zeta Manufacturing,2,3,1,1,11,48,Yes,Compliant,Yes,Low Risk
SHP0126,Gamma Industries,1,2,1,1,8,24,No,Compliant,No,Low Risk
SHP0127,Alpha Logistics,4,4,0,0,7,24,Yes,Compliant,No,Low Risk
SHP0128,Beta Suppliers,5,8,3,1,10,48,Yes,Compliant,Yes,Low Risk
SHP0129,Zeta Manufacturing,5,8,3,1,11,48,Yes,Compliant,Yes,Low Risk
SHP0130,Alpha Logistics,6,9,3,1,7,24,Yes,Violation,Yes,High Risk
SHP0131,Zeta Manufacturing,4,6,2,1,11,48,Yes,Compliant,Yes,Low Risk
SHP0132,Zeta Manufacturing,3,3,0,0,11,48,Yes,Compliant,No,Low Risk
SHP0133,Omega Supplies,5,6,1,1,10,24,No,Compliant,No,Low Risk
SHP0134,Prime Logistics,1,1,0,0,7,24,Yes,Compliant,No,Low Risk
SHP0135,Gamma Industries,1,4,3,1,8,24,No,Compliant,No,Low Risk
SHP0136,Omega Supplies,3,6,3,1,10,24,No,Compliant,No,Low Risk
SHP0137,Zeta Manufacturing,4,8,4,1,11,48,Yes,Compliant,Yes,Low Risk
SHP0138,Alpha Logistics,4,7,3,1,7,24,Yes,Compliant,Yes,Low Risk
SHP0139,Gamma Industries,5,8,3,1,8,24,No,Compliant,No,Low Risk
SHP0140,Delta Traders,2,5,3,1,12,72,Yes,Compliant,Yes,Low Risk
SHP0141,Gamma Industries,4,7,3,1,8,24,No,Compliant,No,Low Risk
SHP0142,Alpha Logistics,2,6,4,1,7,24,Yes,Compliant,Yes,Low Risk
SHP0143,Delta Traders,2,3,1,1,12,72,Yes,Compliant,Yes,Low Risk
SHP0144,Alpha Logistics,4,5,1,1,7,24,Yes,Compliant,Yes,Low Risk
SHP0145,Gamma Industries,5,6,1,1,8,24,No,Compliant,No,Low Risk
SHP0146,Omega Supplies,3,4,1,1,10,24,No,Compliant,No,Low Risk
SHP0147,Gamma Industries,1,5,4,1,8,24,No,Compliant,No,Low Risk
SHP0148,Beta Suppliers,3,3,0,0,10,48,Yes,Compliant,No,Low Risk
SHP0149,Epsilon Exports,1,1,0,0,9,24,Yes,Compliant,No,Low Risk
SHP0150,Epsilon Exports,4,8,4,1,9,24,Yes,Compliant,Yes,Low Risk
SHP0151,Zeta Manufacturing,1,5,4,1,11,48,Yes,Compliant,Yes,Low Risk
SHP0152,Beta Suppliers,4,5,1,1,10,48,Yes,Compliant,Yes,Low Risk
SHP0153,Prime Logistics,4,6,2,1,7,24,Yes,Compliant,Yes,Low Risk
SHP0154,Alpha Logistics,1,2,1,1,7,24,Yes,Compliant,Yes,Low Risk
SHP0155,Gamma Industries,4,6,2,1,8,24,No,Compliant,No,Low Risk
SHP0156,Epsilon Exports,2,2,0,0,9,24,Yes,Compliant,No,Low Risk
SHP0157,Epsilon Exports,7,8,1,1,9,24,Yes,Compliant,Yes,Low Risk
SHP0158,Gamma Industries,4,5,1,1,8,24,No,Compliant,No,Low Risk
SHP0159,Zeta Manufacturing,1,3,2,1,11,48,Yes,Compliant,Yes,Low Risk
SHP0160,Gamma Industries,4,5,1,1,8,24,No,Compliant,No,Low Risk
SHP0161,Prime Logistics,4,6,2,1,7,24,Yes,Compliant,Yes,Low Risk
SHP0162,Alpha Logistics,2,4,2,1,7,24,Yes,Compliant,Yes,Low Risk
SHP0163,Beta Suppliers,2,3,1,1,10,48,Yes,Compliant,Yes,Low Risk
SHP0164,Zeta Manufacturing,6,6,0,0,11,48,Yes,Compliant,No,Low Risk
SHP0165,Prime Logistics,6,6,0,0,7,24,Yes,Compliant,No,Low Risk
SHP0166,Prime Logistics,1,3,2,1,7,24,Yes,Compliant,Yes,Low Risk
SHP0167,Zeta Manufacturing,5,5,0,0,11,48,Yes,Compliant,No,Low Risk
SHP0168,Prime Logistics,1,1,0,0,7,24,Yes,Compliant,No,Low Risk
SHP0169,Gamma Industries,4,6,2,1,8,24,No,Compliant,No,Low Risk
SHP0170,Beta Suppliers,2,5,3,1,10,48,Yes,Compliant,Yes,Low Risk
SHP0171,Epsilon Exports,1,7,6,1,9,24,Yes,Compliant,Yes,Low Risk
SHP0172,Alpha Logistics,1,2,1,1,7,24,Yes,Compliant,Yes,Low Risk
SHP0173,Gamma Industries,5,7,2,1,8,24,No,Compliant,No,Low Risk
SHP0174,Alpha Logistics,4,5,1,1,7,24,Yes,Compliant,Yes,Low Risk
SHP0175,Zeta Manufacturing,6,8,2,1,11,48,Yes,Compliant,Yes,Low Risk
SHP0176,Prime Logistics,1,4,3,1,7,24,Yes,Compliant,Yes,Low Risk
SHP0177,Epsilon Exports,1,5,4,1,9,24,Yes,Compliant,Yes,Low Risk
SHP0178,Alpha Logistics,4,5,1,1,7,24,Yes,Compliant,Yes,Low Risk
SHP0179,Prime Logistics,6,7,1,1,7,24,Yes,Compliant,Yes,Low Risk
SHP0180,Gamma Industries,3,4,1,1,8,24,No,Compliant,No,Low Risk
SHP0181,Delta Traders,2,4,2,1,12,72,Yes,Compliant,Yes,Low Risk
SHP0182,Omega Supplies,4,7,3,1,10,24,No,Compliant,No,Low Risk
SHP0183,Epsilon Exports,7,7,0,0,9,24,Yes,Compliant,No,Low Risk
SHP0184,Delta Traders,2,3,1,1,12,72,Yes,Compliant,Yes,Low Risk
SHP0185,Beta Suppliers,4,9,5,1,10,48,Yes,Compliant,Yes,Low Risk
SHP0186,Epsilon Exports,1,2,1,1,9,24,Yes,Compliant,Yes,Low Risk
SHP0187,Gamma Industries,1,5,4,1,8,24,No,Compliant,No,Low Risk
SHP0188,Beta Suppliers,8,12,4,1,10,48,Yes,Violation,Yes,High Risk
SHP0189,Zeta Manufacturing,2,2,0,0,11,48,Yes,Compliant,No,Low Risk
SHP0190,Gamma Industries,5,7,2,1,8,24,No,Compliant,No,Low Risk
SHP0191,Alpha Logistics,5,7,2,1,7,24,Yes,Compliant,Yes,Low Risk
SHP0192,Delta Traders,2,5,3,1,12,72,Yes,Compliant,Yes,Low Risk
SHP0193,Epsilon Exports,1,3,2,1,9,24,Yes,Compliant,Yes,Low Risk
SHP0194,Prime Logistics,5,5,0,0,7,24,Yes,Compliant,No,Low Risk
SHP0195,Gamma Industries,1,3,2,1,8,24,No,Compliant,No,Low Risk
SHP0196,Gamma Industries,5,6,1,1,8,24,No,Compliant,No,Low Risk
SHP0197,Alpha Logistics,6,7,1,1,7,24,Yes,Compliant,Yes,Low Risk
SHP0198,Alpha Logistics,1,6,5,1,7,24,Yes,Compliant,Yes,Low Risk
SHP0199,Prime Logistics,4,7,3,1,7,24,Yes,Compliant,Yes,Low Risk
SHP0200,Delta Traders,7,8,1,1,12,72,Yes,Compliant,Yes,Low Risk
SHP0201,Zeta Manufacturing,1,1,0,0,11,48,Yes,Compliant,No,Low Risk
SHP0202,Delta Traders,8,11,3,1,12,72,Yes,Compliant,Yes,Low Risk
SHP0203,Delta Traders,3,6,3,1,12,72,Yes,Compliant,Yes,Low Risk
SHP0204,Gamma Industries,2,5,3,1,8,24,No,Compliant,No,Low Risk
SHP0205,Omega Supplies,4,6,2,1,10,24,No,Compliant,No,Low Risk
SHP0206,Epsilon Exports,2,5,3,1,9,24,Yes,Compliant,Yes,Low Risk
SHP0207,Omega Supplies,3,4,1,1,10,24,No,Compliant,No,Low Risk
SHP0208,Beta Suppliers,3,3,0,0,10,48,Yes,Compliant,No,Low Risk
SHP0209,Prime Logistics,1,1,0,0,7,24,Yes,Compliant,No,Low Risk
SHP0210,Prime Logistics,6,6,0,0,7,24,Yes,Compliant,No,Low Risk
SHP0211,Epsilon Exports,5,7,2,1,9,24,Yes,Compliant,Yes,Low Risk
SHP0212,Zeta Manufacturing,1,2,1,1,11,48,Yes,Compliant,Yes,Low Risk
SHP0213,Gamma Industries,4,5,1,1,8,24,No,Compliant,No,Low Risk
SHP0214,Prime Logistics,2,2,0,0,7,24,Yes,Compliant,No,Low Risk
SHP0215,Beta Suppliers,3,4,1,1,10,48,Yes,Compliant,Yes,Low Risk
SHP0216,Zeta Manufacturing,1,3,2,1,11,48,Yes,Compliant,Yes,Low Risk
SHP0217,Epsilon Exports,1,4,3,1,9,24,Yes,Compliant,Yes,Low Risk
SHP0218,Epsilon Exports,4,4,0,0,9,24,Yes,Compliant,No,Low Risk
SHP0219,Epsilon Exports,6,7,1,1,9,24,Yes,Compliant,Yes,Low Risk
SHP0220,Beta Suppliers,4,7,3,1,10,48,Yes,Compliant,Yes,Low Risk
SHP0221,Delta Traders,1,1,0,0,12,72,Yes,Compliant,No,Low Risk
SHP0222,Alpha Logistics,1,4,3,1,7,24,Yes,Compliant,Yes,Low Risk
SHP0223,Omega Supplies,1,1,0,0,10,24,No,Compliant,No,Low Risk
SHP0224,Omega Supplies,3,4,1,1,10,24,No,Compliant,No,Low Risk
SHP0225,Omega Supplies,4,5,1,1,10,24,No,Compliant,No,Low Risk
SHP0226,Omega Supplies,1,4,3,1,10,24,No,Compliant,No,Low Risk
SHP0227,Beta Suppliers,9,10,1,1,10,48,Yes,Compliant,Yes,Low Risk
SHP0228,Zeta Manufacturing,3,3,0,0,11,48,Yes,Compliant,No,Low Risk
SHP0229,Gamma Industries,4,5,1,1,8,24,No,Compliant,No,Low Risk
SHP0230,Epsilon Exports,1,5,4,1,9,24,Yes,Compliant,Yes,Low Risk
SHP0231,Prime Logistics,1,5,4,1,7,24,Yes,Compliant,Yes,Low Risk
SHP0232,Prime Logistics,4,6,2,1,7,24,Yes,Compliant,Yes,Low Risk
SHP0233,Gamma Industries,6,9,3,1,8,24,No,Violation,No,Medium Risk
SHP0234,Zeta Manufacturing,4,5,1,1,11,48,Yes,Compliant,Yes,Low Risk
SHP0235,Epsilon Exports,1,5,4,1,9,24,Yes,Compliant,Yes,Low Risk
SHP0236,Omega Supplies,5,8,3,1,10,24,No,Compliant,No,Low Risk
SHP0237,Zeta Manufacturing,1,3,2,1,11,48,Yes,Compliant,Yes,Low Risk
SHP0238,Omega Supplies,2,2,0,0,10,24,No,Compliant,No,Low Risk
SHP0239,Omega Supplies,1,1,0,0,10,24,No,Compliant,No,Low Risk
SHP0240,Beta Suppliers,3,3,0,0,10,48,Yes,Compliant,No,Low Risk
SHP0241,Prime Logistics,3,3,0,0,7,24,Yes,Compliant,No,Low Risk
SHP0242,Zeta Manufacturing,5,6,1,1,11,48,Yes,Compliant,Yes,Low Risk
SHP0243,Prime Logistics,3,5,2,1,7,24,Yes,Compliant,Yes,Low Risk
SHP0244,Omega Supplies,1,1,0,0,10,24,No,Compliant,No,Low Risk
SHP0245,Gamma Industries,1,6,5,1,8,24,No,Compliant,No,Low Risk
SHP0246,Omega Supplies,4,8,4,1,10,24,No,Compliant,No,Low Risk
SHP0247,Gamma Industries,4,5,1,1,8,24,No,Compliant,No,Low Risk
SHP0248,Omega Supplies,1,3,2,1,10,24,No,Compliant,No,Low Risk
SHP0249,Prime Logistics,2,6,4,1,7,24,Yes,Compliant,Yes,Low Risk
SHP0250,Gamma Industries,3,6,3,1,8,24,No,Compliant,No,Low Risk
SHP0251,Beta Suppliers,1,3,2,1,10,48,Yes,Compliant,Yes,Low Risk
SHP0252,Beta Suppliers,5,9,4,1,10,48,Yes,Compliant,Yes,Low Risk
SHP0253,Omega Supplies,1,1,0,0,10,24,No,Compliant,No,Low Risk
SHP0254,Prime Logistics,6,9,3,1,7,24,Yes,Violation,Yes,High Risk
SHP0255,Delta Traders,6,7,1,1,12,72,Yes,Compliant,Yes,Low Risk
SHP0256,Epsilon Exports,1,4,3,1,9,24,Yes,Compliant,Yes,Low Risk
SHP0257,Zeta Manufacturing,1,4,3,1,11,48,Yes,Compliant,Yes,Low Risk
SHP0258,Beta Suppliers,7,9,2,1,10,48,Yes,Compliant,Yes,Low Risk
SHP0259,Prime Logistics,2,6,4,1,7,24,Yes,Compliant,Yes,Low Risk
SHP0260,Gamma Industries,1,1,0,0,8,24,No,Compliant,No,Low Risk
SHP0261,Prime Logistics,1,5,4,1,7,24,Yes,Compliant,Yes,Low Risk
SHP0262,Beta Suppliers,5,9,4,1,10,48,Yes,Compliant,Yes,Low Risk
SHP0263,Omega Supplies,5,6,1,1,10,24,No,Compliant,No,Low Risk
SHP0264,Alpha Logistics,2,4,2,1,7,24,Yes,Compliant,Yes,Low Risk
SHP0265,Beta Suppliers,5,6,1,1,10,48,Yes,Compliant,Yes,Low Risk
SHP0266,Gamma Industries,1,3,2,1,8,24,No,Compliant,No,Low Risk
SHP0267,Gamma Industries,5,5,0,0,8,24,No,Compliant,No,Low Risk
SHP0268,Delta Traders,2,5,3,1,12,72,Yes,Compliant,Yes,Low Risk
SHP0269,Delta Traders,2,2,0,0,12,72,Yes,Compliant,No,Low Risk
SHP0270,Gamma Industries,7,9,2,1,8,24,No,Violation,No,Medium Risk
SHP0271,Epsilon Exports,4,9,5,1,9,24,Yes,Compliant,Yes,Low Risk
SHP0272,Beta Suppliers,2,4,2,1,10,48,Yes,Compliant,Yes,Low Risk
SHP0273,Omega Supplies,2,3,1,1,10,24,No,Compliant,No,Low Risk
SHP0274,Alpha Logistics,1,5,4,1,7,24,Yes,Compliant,Yes,Low Risk
SHP0275,Gamma Industries,1,3,2,1,8,24,No,Compliant,No,Low Risk
SHP0276,Beta Suppliers,4,6,2,1,10,48,Yes,Compliant,Yes,Low Risk
SHP0277,Epsilon Exports,1,6,5,1,9,24,Yes,Compliant,Yes,Low Risk
SHP0278,Gamma Industries,2,3,1,1,8,24,No,Compliant,No,Low Risk
SHP0279,Beta Suppliers,3,5,2,1,10,48,Yes,Compliant,Yes,Low Risk
SHP0280,Epsilon Exports,7,8,1,1,9,24,Yes,Compliant,Yes,Low Risk
SHP0281,Delta Traders,1,3,2,1,12,72,Yes,Compliant,Yes,Low Risk
SHP0282,Alpha Logistics,3,4,1,1,7,24,Yes,Compliant,Yes,Low Risk
SHP0283,Delta Traders,1,4,3,1,12,72,Yes,Compliant,Yes,Low Risk
SHP0284,Zeta Manufacturing,7,11,4,1,11,48,Yes,Compliant,Yes,Low Risk
SHP0285,Omega Supplies,3,9,6,1,10,24,No,Compliant,No,Low Risk
SHP0286,Epsilon Exports,2,3,1,1,9,24,Yes,Compliant,Yes,Low Risk
SHP0287,Prime Logistics,6,7,1,1,7,24,Yes,Compliant,Yes,Low Risk
SHP0288,Beta Suppliers,1,2,1,1,10,48,Yes,Compliant,Yes,Low Risk
SHP0289,Zeta Manufacturing,2,7,5,1,11,48,Yes,Compliant,Yes,Low Risk
SHP0290,Delta Traders,1,1,0,0,12,72,Yes,Compliant,No,Low Risk
SHP0291,Delta Traders,9,11,2,1,12,72,Yes,Compliant,Yes,Low Risk
SHP0292,Gamma Industries,1,7,6,1,8,24,No,Compliant,No,Low Risk
SHP0293,Prime Logistics,2,5,3,1,7,24,Yes,Compliant,Yes,Low Risk
SHP0294,Alpha Logistics,6,11,5,1,7,24,Yes,Violation,Yes,High Risk
SHP0295,Delta Traders,4,6,2,1,12,72,Yes,Compliant,Yes,Low Risk
SHP0296,Gamma Industries,1,6,5,1,8,24,No,Compliant,No,Low Risk
SHP0297,Gamma Industries,2,3,1,1,8,24,No,Compliant,No,Low Risk
SHP0298,Zeta Manufacturing,3,6,3,1,11,48,Yes,Compliant,Yes,Low Risk
SHP0299,Delta Traders,5,5,0,0,12,72,Yes,Compliant,No,Low Risk
SHP0300,Alpha Logistics,2,5,3,1,7,24,Yes,Compliant,Yes,Low Risk
SHP0301,Alpha Logistics,1,4,3,1,7,24,Yes,Compliant,Yes,Low Risk
SHP0302,Zeta Manufacturing,1,3,2,1,11,48,Yes,Compliant,Yes,Low Risk
SHP0303,Gamma Industries,5,5,0,0,8,24,No,Compliant,No,Low Risk
SHP0304,Omega Supplies,2,3,1,1,10,24,No,Compliant,No,Low Risk
SHP0305,Beta Suppliers,1,4,3,1,10,48,Yes,Compliant,Yes,Low Risk
SHP0306,Epsilon Exports,4,8,4,1,9,24,Yes,Compliant,Yes,Low Risk
SHP0307,Gamma Industries,4,6,2,1,8,24,No,Compliant,No,Low Risk
SHP0308,Beta Suppliers,4,5,1,1,10,48,Yes,Compliant,Yes,Low Risk
SHP0309,Gamma Industries,1,2,1,1,8,24,No,Compliant,No,Low Risk
SHP0310,Beta Suppliers,3,5,2,1,10,48,Yes,Compliant,Yes,Low Risk
SHP0311,Delta Traders,9,11,2,1,12,72,Yes,Compliant,Yes,Low Risk
SHP0312,Epsilon Exports,1,1,0,0,9,24,Yes,Compliant,No,Low Risk
SHP0313,Epsilon Exports,3,5,2,1,9,24,Yes,Compliant,Yes,Low Risk
SHP0314,Gamma Industries,5,5,0,0,8,24,No,Compliant,No,Low Risk
SHP0315,Gamma Industries,7,10,3,1,8,24,No,Violation,No,Medium Risk
SHP0316,Prime Logistics,1,4,3,1,7,24,Yes,Compliant,Yes,Low Risk
SHP0317,Beta Suppliers,2,4,2,1,10,48,Yes,Compliant,Yes,Low Risk
SHP0318,Delta Traders,1,2,1,1,12,72,Yes,Compliant,Yes,Low Risk
SHP0319,Prime Logistics,4,4,0,0,7,24,Yes,Compliant,No,Low Risk
SHP0320,Epsilon Exports,4,4,0,0,9,24,Yes,Compliant,No,Low Risk
SHP0321,Omega Supplies,5,8,3,1,10,24,No,Compliant,No,Low Risk
SHP0322,Epsilon Exports,2,5,3,1,9,24,Yes,Compliant,Yes,Low Risk
SHP0323,Delta Traders,3,3,0,0,12,72,Yes,Compliant,No,Low Risk
SHP0324,Prime Logistics,5,10,5,1,7,24,Yes,Violation,Yes,High Risk
SHP0325,Gamma Industries,2,3,1,1,8,24,No,Compliant,No,Low Risk
SHP0326,Delta Traders,4,5,1,1,12,72,Yes,Compliant,Yes,Low Risk
SHP0327,Prime Logistics,5,8,3,1,7,24,Yes,Violation,Yes,High Risk
SHP0328,Epsilon Exports,2,5,3,1,9,24,Yes,Compliant,Yes,Low Risk
SHP0329,Epsilon Exports,4,5,1,1,9,24,Yes,Compliant,Yes,Low Risk
SHP0330,Epsilon Exports,2,5,3,1,9,24,Yes,Compliant,Yes,Low Risk
SHP0331,Beta Suppliers,3,5,2,1,10,48,Yes,Compliant,Yes,Low Risk
SHP0332,Epsilon Exports,4,9,5,1,9,24,Yes,Compliant,Yes,Low Risk
SHP0333,Gamma Industries,2,3,1,1,8,24,No,Compliant,No,Low Risk
SHP0334,Zeta Manufacturing,5,5,0,0,11,48,Yes,Compliant,No,Low Risk
SHP0335,Epsilon Exports,2,4,2,1,9,24,Yes,Compliant,Yes,Low Risk
SHP0336,Delta Traders,5,7,2,1,12,72,Yes,Compliant,Yes,Low Risk
SHP0337,Beta Suppliers,4,9,5,1,10,48,Yes,Compliant,Yes,Low Risk
SHP0338,Gamma Industries,4,6,2,1,8,24,No,Compliant,No,Low Risk
SHP0339,Beta Suppliers,4,5,1,1,10,48,Yes,Compliant,Yes,Low Risk
SHP0340,Gamma Industries,3,6,3,1,8,24,No,Compliant,No,Low Risk
SHP0341,Alpha Logistics,1,3,2,1,7,24,Yes,Compliant,Yes,Low Risk
SHP0342,Delta Traders,1,1,0,0,12,72,Yes,Compliant,No,Low Risk
SHP0343,Alpha Logistics,5,11,6,1,7,24,Yes,Violation,Yes,High Risk
SHP0344,Gamma Industries,2,2,0,0,8,24,No,Compliant,No,Low Risk
SHP0345,Beta Suppliers,2,4,2,1,10,48,Yes,Compliant,Yes,Low Risk
SHP0346,Alpha Logistics,3,3,0,0,7,24,Yes,Compliant,No,Low Risk
SHP0347,Alpha Logistics,7,8,1,1,7,24,Yes,Violation,Yes,High Risk
SHP0348,Epsilon Exports,1,5,4,1,9,24,Yes,Compliant,Yes,Low Risk
SHP0349,Epsilon Exports,2,4,2,1,9,24,Yes,Compliant,Yes,Low Risk
SHP0350,Beta Suppliers,4,6,2,1,10,48,Yes,Compliant,Yes,Low Risk
SHP0351,Prime Logistics,1,7,6,1,7,24,Yes,Compliant,Yes,Low Risk
SHP0352,Omega Supplies,1,4,3,1,10,24,No,Compliant,No,Low Risk
SHP0353,Beta Suppliers,3,6,3,1,10,48,Yes,Compliant,Yes,Low Risk
SHP0354,Omega Supplies,1,6,5,1,10,24,No,Compliant,No,Low Risk
SHP0355,Prime Logistics,1,6,5,1,7,24,Yes,Compliant,Yes,Low Risk
SHP0356,Beta Suppliers,1,2,1,1,10,48,Yes,Compliant,Yes,Low Risk
SHP0357,Zeta Manufacturing,5,5,0,0,11,48,Yes,Compliant,No,Low Risk
SHP0358,Alpha Logistics,2,4,2,1,7,24,Yes,Compliant,Yes,Low Risk
SHP0359,Delta Traders,7,8,1,1,12,72,Yes,Compliant,Yes,Low Risk
SHP0360,Beta Suppliers,6,7,1,1,10,48,Yes,Compliant,Yes,Low Risk
SHP0361,Delta Traders,1,8,7,1,12,72,Yes,Compliant,Yes,Low Risk
SHP0362,Prime Logistics,3,5,2,1,7,24,Yes,Compliant,Yes,Low Risk
SHP0363,Beta Suppliers,1,5,4,1,10,48,Yes,Compliant,Yes,Low Risk
SHP0364,Delta Traders,5,7,2,1,12,72,Yes,Compliant,Yes,Low Risk
SHP0365,Alpha Logistics,6,8,2,1,7,24,Yes,Violation,Yes,High Risk
SHP0366,Omega Supplies,1,3,2,1,10,24,No,Compliant,No,Low Risk
SHP0367,Omega Supplies,5,8,3,1,10,24,No,Compliant,No,Low Risk
SHP0368,Zeta Manufacturing,1,2,1,1,11,48,Yes,Compliant,Yes,Low Risk
SHP0369,Zeta Manufacturing,6,10,4,1,11,48,Yes,Compliant,Yes,Low Risk
SHP0370,Alpha Logistics,4,5,1,1,7,24,Yes,Compliant,Yes,Low Risk
SHP0371,Alpha Logistics,5,10,5,1,7,24,Yes,Violation,Yes,High Risk
SHP0372,Alpha Logistics,1,3,2,1,7,24,Yes,Compliant,Yes,Low Risk
SHP0373,Delta Traders,1,3,2,1,12,72,Yes,Compliant,Yes,Low Risk
SHP0374,Omega Supplies,4,4,0,0,10,24,No,Compliant,No,Low Risk
SHP0375,Alpha Logistics,1,1,0,0,7,24,Yes,Compliant,No,Low Risk
SHP0376,Prime Logistics,8,8,0,0,7,24,Yes,Violation,No,Medium Risk
SHP0377,Omega Supplies,2,6,4,1,10,24,No,Compliant,No,Low Risk
SHP0378,Prime Logistics,3,3,0,0,7,24,Yes,Compliant,No,Low Risk
SHP0379,Zeta Manufacturing,2,6,4,1,11,48,Yes,Compliant,Yes,Low Risk
SHP0380,Prime Logistics,4,7,3,1,7,24,Yes,Compliant,Yes,Low Risk
SHP0381,Delta Traders,1,4,3,1,12,72,Yes,Compliant,Yes,Low Risk
SHP0382,Alpha Logistics,1,2,1,1,7,24,Yes,Compliant,Yes,Low Risk
SHP0383,Delta Traders,7,11,4,1,12,72,Yes,Compliant,Yes,Low Risk
SHP0384,Alpha Logistics,3,7,4,1,7,24,Yes,Compliant,Yes,Low Risk
SHP0385,Epsilon Exports,1,4,3,1,9,24,Yes,Compliant,Yes,Low Risk
SHP0386,Gamma Industries,8,11,3,1,8,24,No,Violation,No,Medium Risk
SHP0387,Beta Suppliers,2,2,0,0,10,48,Yes,Compliant,No,Low Risk
SHP0388,Gamma Industries,1,2,1,1,8,24,No,Compliant,No,Low Risk
SHP0389,Beta Suppliers,1,2,1,1,10,48,Yes,Compliant,Yes,Low Risk
SHP0390,Gamma Industries,1,4,3,1,8,24,No,Compliant,No,Low Risk
SHP0391,Gamma Industries,1,2,1,1,8,24,No,Compliant,No,Low Risk
SHP0392,Zeta Manufacturing,5,5,0,0,11,48,Yes,Compliant,No,Low Risk
SHP0393,Epsilon Exports,1,5,4,1,9,24,Yes,Compliant,Yes,Low Risk
SHP0394,Delta Traders,1,3,2,1,12,72,Yes,Compliant,Yes,Low Risk
SHP0395,Gamma Industries,3,5,2,1,8,24,No,Compliant,No,Low Risk
SHP0396,Gamma Industries,1,2,1,1,8,24,No,Compliant,No,Low Risk
SHP0397,Delta Traders,6,6,0,0,12,72,Yes,Compliant,No,Low Risk
SHP0398,Beta Suppliers,3,5,2,1,10,48,Yes,Compliant,Yes,Low Risk
SHP0399,Omega Supplies,3,3,0,0,10,24,No,Compliant,No,Low Risk
SHP0400,Prime Logistics,7,8,1,1,7,24,Yes,Violation,Yes,High Risk
SHP0401,Delta Traders,5,7,2,1,12,72,Yes,Compliant,Yes,Low Risk
SHP0402,Alpha Logistics,1,3,2,1,7,24,Yes,Compliant,Yes,Low Risk
SHP0403,Epsilon Exports,4,10,6,1,9,24,Yes,Violation,Yes,High Risk
SHP0404,Gamma Industries,5,7,2,1,8,24,No,Compliant,No,Low Risk
SHP0405,Beta Suppliers,1,3,2,1,10,48,Yes,Compliant,Yes,Low Risk
SHP0406,Beta Suppliers,6,9,3,1,10,48,Yes,Compliant,Yes,Low Risk
SHP0407,Omega Supplies,1,3,2,1,10,24,No,Compliant,No,Low Risk
SHP0408,Epsilon Exports,6,8,2,1,9,24,Yes,Compliant,Yes,Low Risk
SHP0409,Beta Suppliers,3,7,4,1,10,48,Yes,Compliant,Yes,Low Risk
SHP0410,Delta Traders,4,6,2,1,12,72,Yes,Compliant,Yes,Low Risk
SHP0411,Beta Suppliers,1,1,0,0,10,48,Yes,Compliant,No,Low Risk
SHP0412,Gamma Industries,2,2,0,0,8,24,No,Compliant,No,Low Risk
SHP0413,Zeta Manufacturing,3,6,3,1,11,48,Yes,Compliant,Yes,Low Risk
SHP0414,Prime Logistics,2,2,0,0,7,24,Yes,Compliant,No,Low Risk
SHP0415,Alpha Logistics,1,2,1,1,7,24,Yes,Compliant,Yes,Low Risk
SHP0416,Omega Supplies,1,3,2,1,10,24,No,Compliant,No,Low Risk
SHP0417,Delta Traders,2,3,1,1,12,72,Yes,Compliant,Yes,Low Risk
SHP0418,Zeta Manufacturing,4,6,2,1,11,48,Yes,Compliant,Yes,Low Risk
SHP0419,Prime Logistics,3,4,1,1,7,24,Yes,Compliant,Yes,Low Risk
SHP0420,Zeta Manufacturing,2,3,1,1,11,48,Yes,Compliant,Yes,Low Risk
SHP0421,Gamma Industries,1,4,3,1,8,24,No,Compliant,No,Low Risk
SHP0422,Delta Traders,2,2,0,0,12,72,Yes,Compliant,No,Low Risk
SHP0423,Gamma Industries,6,10,4,1,8,24,No,Violation,No,Medium Risk
SHP0424,Prime Logistics,2,5,3,1,7,24,Yes,Compliant,Yes,Low Risk
SHP0425,Zeta Manufacturing,1,3,2,1,11,48,Yes,Compliant,Yes,Low Risk
SHP0426,Omega Supplies,3,4,1,1,10,24,No,Compliant,No,Low Risk
SHP0427,Zeta Manufacturing,5,7,2,1,11,48,Yes,Compliant,Yes,Low Risk
SHP0428,Prime Logistics,2,6,4,1,7,24,Yes,Compliant,Yes,Low Risk
SHP0429,Prime Logistics,5,10,5,1,7,24,Yes,Violation,Yes,High Risk
SHP0430,Prime Logistics,1,3,2,1,7,24,Yes,Compliant,Yes,Low Risk
SHP0431,Prime Logistics,4,7,3,1,7,24,Yes,Compliant,Yes,Low Risk
SHP0432,Beta Suppliers,3,4,1,1,10,48,Yes,Compliant,Yes,Low Risk
SHP0433,Omega Supplies,2,5,3,1,10,24,No,Compliant,No,Low Risk
SHP0434,Gamma Industries,3,7,4,1,8,24,No,Compliant,No,Low Risk
SHP0435,Zeta Manufacturing,2,5,3,1,11,48,Yes,Compliant,Yes,Low Risk
SHP0436,Delta Traders,1,3,2,1,12,72,Yes,Compliant,Yes,Low Risk
SHP0437,Beta Suppliers,1,3,2,1,10,48,Yes,Compliant,Yes,Low Risk
SHP0438,Prime Logistics,4,9,5,1,7,24,Yes,Violation,Yes,High Risk
SHP0439,Prime Logistics,4,8,4,1,7,24,Yes,Violation,Yes,High Risk
SHP0440,Beta Suppliers,6,6,0,0,10,48,Yes,Compliant,No,Low Risk
SHP0441,Zeta Manufacturing,8,14,6,1,11,48,Yes,Violation,Yes,High Risk
SHP0442,Alpha Logistics,5,8,3,1,7,24,Yes,Violation,Yes,High Risk
SHP0443,Omega Supplies,3,6,3,1,10,24,No,Compliant,No,Low Risk
SHP0444,Omega Supplies,1,2,1,1,10,24,No,Compliant,No,Low Risk
SHP0445,Prime Logistics,2,2,0,0,7,24,Yes,Compliant,No,Low Risk
SHP0446,Gamma Industries,1,2,1,1,8,24,No,Compliant,No,Low Risk
SHP0447,Prime Logistics,4,5,1,1,7,24,Yes,Compliant,Yes,Low Risk
SHP0448,Beta Suppliers,3,8,5,1,10,48,Yes,Compliant,Yes,Low Risk
SHP0449,Delta Traders,1,7,6,1,12,72,Yes,Compliant,Yes,Low Risk
SHP0450,Gamma Industries,4,4,0,0,8,24,No,Compliant,No,Low Risk
SHP0451,Beta Suppliers,1,2,1,1,10,48,Yes,Compliant,Yes,Low Risk
SHP0452,Delta Traders,4,4,0,0,12,72,Yes,Compliant,No,Low Risk
SHP0453,Alpha Logistics,7,8,1,1,7,24,Yes,Violation,Yes,High Risk
SHP0454,Prime Logistics,5,10,5,1,7,24,Yes,Violation,Yes,High Risk
SHP0455,Epsilon Exports,7,7,0,0,9,24,Yes,Compliant,No,Low Risk
SHP0456,Gamma Industries,5,6,1,1,8,24,No,Compliant,No,Low Risk
SHP0457,Gamma Industries,3,6,3,1,8,24,No,Compliant,No,Low Risk
SHP0458,Gamma Industries,5,5,0,0,8,24,No,Compliant,No,Low Risk
SHP0459,Alpha Logistics,1,5,4,1,7,24,Yes,Compliant,Yes,Low Risk
SHP0460,Epsilon Exports,1,3,2,1,9,24,Yes,Compliant,Yes,Low Risk
SHP0461,Prime Logistics,3,6,3,1,7,24,Yes,Compliant,Yes,Low Risk
SHP0462,Beta Suppliers,5,6,1,1,10,48,Yes,Compliant,Yes,Low Risk
SHP0463,Delta Traders,1,4,3,1,12,72,Yes,Compliant,Yes,Low Risk
SHP0464,Gamma Industries,6,7,1,1,8,24,No,Compliant,No,Low Risk
SHP0465,Zeta Manufacturing,6,7,1,1,11,48,Yes,Compliant,Yes,Low Risk
SHP0466,Prime Logistics,1,2,1,1,7,24,Yes,Compliant,Yes,Low Risk
SHP0467,Delta Traders,2,5,3,1,12,72,Yes,Compliant,Yes,Low Risk
SHP0468,Zeta Manufacturing,7,7,0,0,11,48,Yes,Compliant,No,Low Risk
SHP0469,Omega Supplies,4,7,3,1,10,24,No,Compliant,No,Low Risk
SHP0470,Epsilon Exports,1,5,4,1,9,24,Yes,Compliant,Yes,Low Risk
SHP0471,Delta Traders,3,4,1,1,12,72,Yes,Compliant,Yes,Low Risk
SHP0472,Gamma Industries,6,8,2,1,8,24,No,Compliant,No,Low Risk
SHP0473,Gamma Industries,7,11,4,1,8,24,No,Violation,No,Medium Risk
SHP0474,Gamma Industries,5,5,0,0,8,24,No,Compliant,No,Low Risk
SHP0475,Beta Suppliers,6,7,1,1,10,48,Yes,Compliant,Yes,Low Risk
SHP0476,Delta Traders,1,3,2,1,12,72,Yes,Compliant,Yes,Low Risk
SHP0477,Alpha Logistics,1,1,0,0,7,24,Yes,Compliant,No,Low Risk
SHP0478,Epsilon Exports,4,5,1,1,9,24,Yes,Compliant,Yes,Low Risk
SHP0479,Delta Traders,1,2,1,1,12,72,Yes,Compliant,Yes,Low Risk
SHP0480,Gamma Industries,4,5,1,1,8,24,No,Compliant,No,Low Risk
SHP0481,Epsilon Exports,4,9,5,1,9,24,Yes,Compliant,Yes,Low Risk
SHP0482,Beta Suppliers,7,12,5,1,10,48,Yes,Violation,Yes,High Risk
SHP0483,Omega Supplies,2,2,0,0,10,24,No,Compliant,No,Low Risk
SHP0484,Alpha Logistics,6,11,5,1,7,24,Yes,Violation,Yes,High Risk
SHP0485,Beta Suppliers,3,5,2,1,10,48,Yes,Compliant,Yes,Low Risk
SHP0486,Delta Traders,2,5,3,1,12,72,Yes,Compliant,Yes,Low Risk
SHP0487,Gamma Industries,1,3,2,1,8,24,No,Compliant,No,Low Risk
SHP0488,Omega Supplies,2,2,0,0,10,24,No,Compliant,No,Low Risk
SHP0489,Delta Traders,1,4,3,1,12,72,Yes,Compliant,Yes,Low Risk
SHP0490,Omega Supplies,1,1,0,0,10,24,No,Compliant,No,Low Risk
SHP0491,Epsilon Exports,2,6,4,1,9,24,Yes,Compliant,Yes,Low Risk
SHP0492,Zeta Manufacturing,3,7,4,1,11,48,Yes,Compliant,Yes,Low Risk
SHP0493,Beta Suppliers,8,13,5,1,10,48,Yes,Violation,Yes,High Risk
SHP0494,Delta Traders,4,7,3,1,12,72,Yes,Compliant,Yes,Low Risk
SHP0495,Gamma Industries,1,4,3,1,8,24,No,Compliant,No,Low Risk
SHP0496,Prime Logistics,5,11,6,1,7,24,Yes,Violation,Yes,High Risk
SHP0497,Gamma Industries,1,3,2,1,8,24,No,Compliant,No,Low Risk
SHP0498,Omega Supplies,8,11,3,1,10,24,No,Violation,No,Medium Risk
SHP0499,Omega Supplies,2,2,0,0,10,24,No,Compliant,No,Low Risk
SHP0500,Epsilon Exports,4,6,2,1,9,24,Yes,Compliant,Yes,Low Risk
